{
  "saved_at": "2026-06-18T22:15:20.227372",
  "train": {
    "accuracy": 0.846143269627389,
    "precision": 0.8578013157212031,
    "recall": 0.846143269627389,
    "f1": 0.846472284333343
  },
  "test": {
    "accuracy": 0.5611866501854141,
    "precision": 0.5610478710916573,
    "recall": 0.5611866501854141,
    "f1": 0.555954133760414
  }
}