{
  "saved_at": "2026-06-17T20:24:58.742559",
  "train": {
    "accuracy": 0.7010862092671525,
    "precision": 0.7133015799399495,
    "recall": 0.7010862092671525,
    "f1": 0.70208502852225
  },
  "test": {
    "accuracy": 0.6341161928306551,
    "precision": 0.6467748694739174,
    "recall": 0.6341161928306551,
    "f1": 0.6303452144733921
  }
}