{
  "saved_at": "2026-06-17T19:17:23.070492",
  "train": {
    "accuracy": 0.9318025574040973,
    "precision": 0.9373526757532837,
    "recall": 0.9318025574040973,
    "f1": 0.9324946786425219
  },
  "test": {
    "accuracy": 0.4721878862793572,
    "precision": 0.48326292463389947,
    "recall": 0.4721878862793572,
    "f1": 0.47129210297899715
  }
}